{"cameraMode":{"drawMode":0,"name":"Shaded","section":"Shading Mode"},"sceneLighting":false,"audioPlay":false,"sceneViewState":{"m_AlwaysRefresh":false,"showFog":true,"showSkybox":false,"showFlares":true,"showImageEffects":true,"showParticleSystems":true,"showVisualEffectGraphs":true,"m_FxEnabled":true},"in2DMode":false,"pivot":{"x":-0.08640091121196747,"y":0.4547993838787079,"z":-0.33158379793167117},"rotation":{"x":-0.007247252389788628,"y":-0.6263076663017273,"z":0.0058464971370995049,"w":-0.7796041369438171},"size":0.7634062170982361,"orthographic":false}